Disease,F_statistic,P_value,Significant
Pebrine,5.467836257309945,0.00024132325971659618,Yes
Virosis,4.799193132526465,0.0007351447108927678,Yes
Bacteriosis,5.467836257309945,0.00024132325971659618,Yes
Muscardine,5.467836257309945,0.00024132325971659618,Yes
