,PC1,PC2,PC3,PC4,PC5,PC6
Tmax,-0.5297562165434515,-0.19695348021000222,-0.019816639654880668,-0.35690819506599325,-0.5420850746054882,-0.5088568469070858
Tmin,0.45374178051264236,-0.3221256172514731,0.42767496457889476,-0.28916204677064195,-0.5197018658537994,0.39210061124092593
Humidity,-0.054197407481462095,-0.6357936556675047,-0.1595637009333531,0.7288601316730715,-0.190082619503211,-3.4846268640880934e-17
THI,-0.33165301688047016,-0.4499270837248588,0.5964470357271395,-0.14089788277341675,0.5585432981669395,1.6295589619879774e-16
Wind_Speed,-0.2441458766350198,0.49961783090804807,0.6178035569118944,0.47956762913616646,-0.2812622763766638,1.217157733427993e-17
Temp_Range,-0.5838993543319541,0.034036496970999114,-0.2319710099322782,-0.08903614532506049,-0.09403858910603165,0.7663692452207818
