Component,Explained_Variance_Ratio,Cumulative_Variance
PC1,0.4663354081556533,0.4663354081556533
PC2,0.285009931578559,0.7513453397342122
PC3,0.11617817780635081,0.8675235175405631
PC4,0.0855206594766082,0.9530441770171714
PC5,0.04695582298282877,1.0000000000000002
PC6,1.3473771005984242e-32,1.0000000000000002
