Disease,F_statistic,P_value,Significant
Pebrine,10.320987654320989,9.942332593622144e-07,Yes
Virosis,37.8823868285577,2.1064622853155737e-17,Yes
Bacteriosis,10.320987654320989,9.942332593622144e-07,Yes
Muscardine,10.320987654320989,9.942332593622144e-07,Yes
