Disease,Chi2,P_value,Significant
Pebrine,0.3715470725292824,0.5421621864354637,No
Virosis,13.13070105452266,0.0002904960545143382,Yes
Bacteriosis,0.3715470725292824,0.5421621864354637,No
